Round,Average Precision
R32,0.8190629389432725
S16,0.6876495642670268
E8,0.5301063087420711
F4,0.4293914786850594
NCG,0.4174777242959062
Winner,0.5814616755793227
