{"2": {"booster": "dart", "learning_rate": 0.29979631830577386, "max_depth": 7, "min_child_weight": 7, "subsample": 0.3803786722769689, "colsample_bytree": 0.7714015619433221, "reg_lambda": 0.007761540427196875, "reg_alpha": 0.6291390533339953, "gamma": 5.611360589906195, "grow_policy": "lossguide", "num_boost_round": 343}, "3": {"booster": "gbtree", "learning_rate": 0.15001853865533593, "max_depth": 10, "min_child_weight": 9, "subsample": 0.45556955353905837, "colsample_bytree": 0.11566846638992752, "reg_lambda": 0.040588480756505015, "reg_alpha": 0.4758181126705596, "gamma": 7.973133624997135, "grow_policy": "depthwise", "num_boost_round": 252}, "4": {"booster": "gbtree", "learning_rate": 0.02400323829411556, "max_depth": 10, "min_child_weight": 9, "subsample": 0.25222724903181903, "colsample_bytree": 0.1427470203865782, "reg_lambda": 0.03275018456988895, "reg_alpha": 0.007418173165663696, "gamma": 6.190974543078974, "grow_policy": "lossguide", "num_boost_round": 963}, "5": {"booster": "gbtree", "learning_rate": 0.15722021853957632, "max_depth": 8, "min_child_weight": 7, "subsample": 0.7568432245125144, "colsample_bytree": 0.21357909393686547, "reg_lambda": 4.528493018197598e-05, "reg_alpha": 0.0035554205560528527, "gamma": 6.843327351303907, "grow_policy": "depthwise", "num_boost_round": 151}, "6": {"booster": "gbtree", "learning_rate": 0.20445989793682398, "max_depth": 1, "min_child_weight": 1, "subsample": 0.5565755536952478, "colsample_bytree": 0.9560606181562201, "reg_lambda": 0.008436189888394842, "reg_alpha": 0.0016843998741815965, "gamma": 6.747124212388041, "grow_policy": "depthwise", "num_boost_round": 737}, "7": {"booster": "dart", "learning_rate": 0.10788675270802911, "max_depth": 8, "min_child_weight": 4, "subsample": 0.8693879743568383, "colsample_bytree": 0.17048596334095603, "reg_lambda": 0.00013679298713161096, "reg_alpha": 0.30407160914312276, "gamma": 2.6153623519444373, "grow_policy": "depthwise", "num_boost_round": 245}}