{"2": {"booster": "gbtree", "learning_rate": 0.2208276901579233, "max_depth": 2, "min_child_weight": 8, "subsample": 0.7884768193573097, "colsample_bytree": 0.31908718705930955, "reg_lambda": 0.003367236595401935, "reg_alpha": 0.07200946404230764, "gamma": 3.3714256310410433, "grow_policy": "lossguide", "num_boost_round": 558}, "3": {"booster": "gbtree", "learning_rate": 0.08957660253810974, "max_depth": 9, "min_child_weight": 2, "subsample": 0.712208419464835, "colsample_bytree": 0.1557880031531366, "reg_lambda": 0.0004593218030445335, "reg_alpha": 0.029321462389304314, "gamma": 2.774183281924393, "grow_policy": "depthwise", "num_boost_round": 689}, "4": {"booster": "dart", "learning_rate": 0.2529337278683471, "max_depth": 6, "min_child_weight": 1, "subsample": 0.952196441443842, "colsample_bytree": 0.17907081693092422, "reg_lambda": 0.30814773773982873, "reg_alpha": 4.848940246158256, "gamma": 4.902037041385608, "grow_policy": "lossguide", "num_boost_round": 177}, "5": {"booster": "dart", "learning_rate": 0.09319006194286386, "max_depth": 1, "min_child_weight": 6, "subsample": 0.45482020690164726, "colsample_bytree": 0.10077645717523921, "reg_lambda": 1.2200701191954762e-05, "reg_alpha": 0.0010016367297188947, "gamma": 4.52846607038738, "grow_policy": "lossguide", "num_boost_round": 859}, "6": {"booster": "gbtree", "learning_rate": 0.14638036656494963, "max_depth": 1, "min_child_weight": 2, "subsample": 0.40997107015967404, "colsample_bytree": 0.7788097442220637, "reg_lambda": 0.013458490213873645, "reg_alpha": 0.5655661478410633, "gamma": 0.5689729004129105, "grow_policy": "depthwise", "num_boost_round": 390}, "7": {"booster": "gbtree", "learning_rate": 0.13024286476610292, "max_depth": 10, "min_child_weight": 4, "subsample": 0.9028361547733067, "colsample_bytree": 0.16126826842429737, "reg_lambda": 0.0036046799672270207, "reg_alpha": 0.1187647654471415, "gamma": 2.8530140272101576, "grow_policy": "depthwise", "num_boost_round": 219}}