{"2": {"booster": "dart", "learning_rate": 0.08538390608711914, "max_depth": 4, "min_child_weight": 1, "subsample": 0.3132679364944774, "colsample_bytree": 0.27272168266536023, "reg_lambda": 2.928743058140084e-05, "reg_alpha": 0.0014849950454562436, "gamma": 0.7632084049309151, "grow_policy": "lossguide", "num_boost_round": 724}, "3": {"booster": "dart", "learning_rate": 0.08553837253975623, "max_depth": 9, "min_child_weight": 9, "subsample": 0.3822943632171821, "colsample_bytree": 0.32485890036380494, "reg_lambda": 0.08955191470548618, "reg_alpha": 0.030094984679272473, "gamma": 2.295894701971862, "grow_policy": "depthwise", "num_boost_round": 499}, "4": {"booster": "gbtree", "learning_rate": 0.021054127718585967, "max_depth": 2, "min_child_weight": 9, "subsample": 0.22827127987363818, "colsample_bytree": 0.48583708313969765, "reg_lambda": 0.17376909280460853, "reg_alpha": 0.01751278357813041, "gamma": 1.8744701896960303, "grow_policy": "depthwise", "num_boost_round": 907}, "5": {"booster": "gbtree", "learning_rate": 0.2040092268101521, "max_depth": 9, "min_child_weight": 8, "subsample": 0.9137964040044472, "colsample_bytree": 0.2394704731304263, "reg_lambda": 0.4654448932127782, "reg_alpha": 0.0011929360830698916, "gamma": 5.021087318373549, "grow_policy": "lossguide", "num_boost_round": 657}, "6": {"booster": "dart", "learning_rate": 0.19085346539089743, "max_depth": 1, "min_child_weight": 3, "subsample": 0.8132498238580603, "colsample_bytree": 0.7419899263460941, "reg_lambda": 1.0024926303950466e-05, "reg_alpha": 0.002858581044757268, "gamma": 2.7640936062409436, "grow_policy": "lossguide", "num_boost_round": 874}, "7": {"booster": "dart", "learning_rate": 0.22712512989480893, "max_depth": 9, "min_child_weight": 4, "subsample": 0.921879503928549, "colsample_bytree": 0.11497225811192838, "reg_lambda": 2.4455924304633854e-05, "reg_alpha": 0.08728114257936757, "gamma": 5.135286798326623, "grow_policy": "depthwise", "num_boost_round": 966}}