{"2": {"booster": "gbtree", "learning_rate": 0.019448088115120582, "max_depth": 4, "min_child_weight": 8, "subsample": 0.6212992123909651, "colsample_bytree": 0.1887673981405267, "reg_lambda": 0.033259365362813965, "reg_alpha": 0.03513800758335244, "gamma": 2.4079393717443387, "grow_policy": "lossguide", "num_boost_round": 616}, "3": {"booster": "gbtree", "learning_rate": 0.19865799089897054, "max_depth": 1, "min_child_weight": 10, "subsample": 0.8407750080130986, "colsample_bytree": 0.13685861771754165, "reg_lambda": 0.09926633744582325, "reg_alpha": 0.34636749565309505, "gamma": 7.734428868697551, "grow_policy": "depthwise", "num_boost_round": 540}, "4": {"booster": "gbtree", "learning_rate": 0.1656480023148468, "max_depth": 8, "min_child_weight": 3, "subsample": 0.8056718392185197, "colsample_bytree": 0.17163055022384194, "reg_lambda": 0.04880306249970453, "reg_alpha": 0.06270444875686017, "gamma": 9.38243476385269, "grow_policy": "lossguide", "num_boost_round": 432}, "5": {"booster": "dart", "learning_rate": 0.23077364124797037, "max_depth": 1, "min_child_weight": 1, "subsample": 0.8910985306191832, "colsample_bytree": 0.1178455708675683, "reg_lambda": 0.9906359953565053, "reg_alpha": 0.03750401500511555, "gamma": 0.22852289503721473, "grow_policy": "lossguide", "num_boost_round": 601}, "6": {"booster": "dart", "learning_rate": 0.29890558856014815, "max_depth": 1, "min_child_weight": 4, "subsample": 0.6887584626783942, "colsample_bytree": 0.16152554511977943, "reg_lambda": 1.4631541352029135e-05, "reg_alpha": 0.46235284596201354, "gamma": 0.48076018542428545, "grow_policy": "depthwise", "num_boost_round": 566}, "7": {"booster": "gbtree", "learning_rate": 0.10169425094688025, "max_depth": 5, "min_child_weight": 3, "subsample": 0.7426767067396507, "colsample_bytree": 0.10007759994018381, "reg_lambda": 0.0001016382944737639, "reg_alpha": 0.057246568316605226, "gamma": 4.7429271805105735, "grow_policy": "lossguide", "num_boost_round": 555}}