{"2": {"num_layers": 2, "units_0": 96, "activation_0": "tanh", "batch_norm_0": false, "dropout_0": 0.5710150160826033, "units_1": 192, "activation_1": "relu", "batch_norm_1": false, "dropout_1": 0.5893086782390281, "optimizer": "adam", "learning_rate": 0.002586596168778822, "batch_size": 64}, "3": {"num_layers": 3, "units_0": 224, "activation_0": "relu", "batch_norm_0": true, "dropout_0": 0.4215965261661597, "units_1": 160, "activation_1": "relu", "batch_norm_1": true, "dropout_1": 0.11922669418412268, "units_2": 224, "activation_2": "relu", "batch_norm_2": true, "dropout_2": 0.16201247900274895, "optimizer": "sgd", "learning_rate": 0.004201281986813058, "batch_size": 16}, "4": {"num_layers": 3, "units_0": 128, "activation_0": "tanh", "batch_norm_0": true, "dropout_0": 0.1809455564270968, "units_1": 128, "activation_1": "tanh", "batch_norm_1": true, "dropout_1": 0.6846538273804883, "units_2": 64, "activation_2": "relu", "batch_norm_2": false, "dropout_2": 0.26850805176253867, "optimizer": "sgd", "learning_rate": 0.08090906547092552, "batch_size": 64}, "5": {"num_layers": 3, "units_0": 64, "activation_0": "relu", "batch_norm_0": true, "dropout_0": 0.7935817376847784, "units_1": 320, "activation_1": "tanh", "batch_norm_1": true, "dropout_1": 0.31244635662627807, "units_2": 64, "activation_2": "relu", "batch_norm_2": true, "dropout_2": 0.1660966587594263, "optimizer": "rmsprop", "learning_rate": 0.0024716494638483406, "batch_size": 16}, "6": {"num_layers": 2, "units_0": 320, "activation_0": "tanh", "batch_norm_0": false, "dropout_0": 0.8638339822364564, "units_1": 256, "activation_1": "tanh", "batch_norm_1": true, "dropout_1": 0.01860262920050854, "optimizer": "sgd", "learning_rate": 0.03805518122585732, "batch_size": 32}, "7": {"num_layers": 3, "units_0": 160, "activation_0": "tanh", "batch_norm_0": true, "dropout_0": 0.9231324664928965, "units_1": 320, "activation_1": "tanh", "batch_norm_1": true, "dropout_1": 0.059256496516621626, "units_2": 224, "activation_2": "relu", "batch_norm_2": false, "dropout_2": 0.11084400684645362, "optimizer": "sgd", "learning_rate": 0.08521588750227385, "batch_size": 32}}