{"2": {"num_layers": 1, "units_0": 64, "activation_0": "relu", "L1_0": 3.1191528285369343e-06, "batch_norm_0": false, "dropout_0": 0.006852883944073421, "optimizer": "rmsprop", "learning_rate": 0.0045526696943865635, "batch_size": 16}, "3": {"num_layers": 2, "units_0": 224, "activation_0": "relu", "L1_0": 0.000628509199318273, "batch_norm_0": false, "dropout_0": 0.029110431594837748, "units_1": 320, "activation_1": "relu", "L1_1": 0.00018410381471423913, "batch_norm_1": false, "dropout_1": 0.6208023635718039, "optimizer": "adam", "learning_rate": 0.0012125678023813557, "batch_size": 16}, "4": {"num_layers": 1, "units_0": 64, "activation_0": "relu", "L1_0": 4.634457441301731e-06, "batch_norm_0": false, "dropout_0": 0.48892291891944245, "optimizer": "adam", "learning_rate": 0.004204154385013419, "batch_size": 32}, "5": {"num_layers": 1, "units_0": 160, "activation_0": "relu", "L1_0": 1.0054278131217213e-06, "batch_norm_0": false, "dropout_0": 0.48985616309252156, "optimizer": "rmsprop", "learning_rate": 0.005315158337056026, "batch_size": 16}, "6": {"num_layers": 2, "units_0": 64, "activation_0": "tanh", "L1_0": 0.0049123586398468, "batch_norm_0": true, "dropout_0": 0.09038976788985846, "units_1": 288, "activation_1": "tanh", "L1_1": 0.008074694265805663, "batch_norm_1": false, "dropout_1": 0.017606037762489597, "optimizer": "adam", "learning_rate": 0.0001683316025443416, "batch_size": 16}, "7": {"num_layers": 2, "units_0": 128, "activation_0": "tanh", "L1_0": 0.0028901901804372207, "batch_norm_0": false, "dropout_0": 0.35398841700565437, "units_1": 128, "activation_1": "tanh", "L1_1": 0.005240802977785216, "batch_norm_1": false, "dropout_1": 0.08551285670556846, "optimizer": "adam", "learning_rate": 0.0002672647912131574, "batch_size": 32}}