{"2": {"num_layers": 1, "units_0": 128, "activation_0": "relu", "L1_0": 1.378076445639623e-06, "batch_norm_0": false, "dropout_0": 0.7928575884444287, "optimizer": "rmsprop", "learning_rate": 0.004959177734492918, "batch_size": 16}, "3": {"num_layers": 1, "units_0": 320, "activation_0": "relu", "L1_0": 7.112117923974897e-09, "batch_norm_0": false, "dropout_0": 0.09743356101530937, "optimizer": "rmsprop", "learning_rate": 4.257676475583148e-05, "batch_size": 16}, "4": {"num_layers": 1, "units_0": 64, "activation_0": "relu", "L1_0": 1.2700578804233184e-05, "batch_norm_0": false, "dropout_0": 0.3540596694343954, "optimizer": "adam", "learning_rate": 0.008514770213954423, "batch_size": 16}, "5": {"num_layers": 1, "units_0": 64, "activation_0": "relu", "L1_0": 1.4961046727200385e-07, "batch_norm_0": false, "dropout_0": 0.5159893118463894, "optimizer": "sgd", "learning_rate": 0.07714267631503044, "batch_size": 16}, "6": {"num_layers": 1, "units_0": 96, "activation_0": "relu", "L1_0": 4.066031021249036e-08, "batch_norm_0": false, "dropout_0": 0.12190337930127287, "optimizer": "adam", "learning_rate": 0.001352840480154916, "batch_size": 16}, "7": {"num_layers": 1, "units_0": 128, "activation_0": "relu", "L1_0": 1.2648754372015122e-07, "batch_norm_0": false, "dropout_0": 0.0890158493343737, "optimizer": "rmsprop", "learning_rate": 0.010433064894531068, "batch_size": 32}}