{"2": {"num_layers": 1, "units_0": 64, "activation_0": "relu", "L1_0": 2.817888107701907e-07, "batch_norm_0": false, "dropout_0": 0.37362769676345703, "optimizer": "rmsprop", "learning_rate": 0.0006328809788863024, "batch_size": 16}, "3": {"num_layers": 1, "units_0": 64, "activation_0": "relu", "L1_0": 2.5660350421401083e-07, "batch_norm_0": false, "dropout_0": 0.12723405491337408, "optimizer": "rmsprop", "learning_rate": 0.0016047619483477943, "batch_size": 32}, "4": {"num_layers": 1, "units_0": 64, "activation_0": "relu", "L1_0": 3.5736401048049626e-05, "batch_norm_0": false, "dropout_0": 0.5577741130053435, "optimizer": "adam", "learning_rate": 0.004035531955555631, "batch_size": 32}, "5": {"num_layers": 1, "units_0": 64, "activation_0": "relu", "L1_0": 5.4787895834831984e-08, "batch_norm_0": false, "dropout_0": 0.5483255996893588, "optimizer": "sgd", "learning_rate": 0.07987457609783886, "batch_size": 32}, "6": {"num_layers": 1, "units_0": 64, "activation_0": "relu", "L1_0": 4.5420805533216484e-07, "batch_norm_0": false, "dropout_0": 0.5442945689717625, "optimizer": "adam", "learning_rate": 0.001986714219583551, "batch_size": 16}, "7": {"num_layers": 1, "units_0": 96, "activation_0": "relu", "L1_0": 4.1202435395790614e-08, "batch_norm_0": false, "dropout_0": 0.34583926013540794, "optimizer": "adam", "learning_rate": 0.0013890924404326057, "batch_size": 32}}