{"2": {"num_layers": 1, "units_0": 64, "activation_0": "relu", "L1_0": 1.414230957870269e-06, "L2_0": 0.0002882172328883137, "batch_norm_0": false, "dropout_0": 0.3964278596784159, "optimizer": "rmsprop", "learning_rate": 0.005110347633767797, "batch_size": 32}, "3": {"num_layers": 1, "units_0": 288, "activation_0": "relu", "L1_0": 5.7785797375893584e-06, "L2_0": 0.009379884717319414, "batch_norm_0": false, "dropout_0": 0.17606320741461065, "optimizer": "adam", "learning_rate": 0.0009686310917206681, "batch_size": 32}, "4": {"num_layers": 1, "units_0": 96, "activation_0": "relu", "L1_0": 3.103887880674269e-06, "L2_0": 0.005618673605325797, "batch_norm_0": false, "dropout_0": 0.4484676819929118, "optimizer": "adam", "learning_rate": 0.001516701696602447, "batch_size": 16}, "5": {"num_layers": 1, "units_0": 224, "activation_0": "relu", "L1_0": 7.618746464232085e-06, "L2_0": 0.004522303956908612, "batch_norm_0": false, "dropout_0": 0.14869041916521517, "optimizer": "adam", "learning_rate": 0.0030700117594176977, "batch_size": 64}, "6": {"num_layers": 1, "units_0": 64, "activation_0": "tanh", "L1_0": 4.222398080402095e-06, "L2_0": 0.005036175770856424, "batch_norm_0": false, "dropout_0": 0.004115911786769039, "optimizer": "adam", "learning_rate": 0.002608704695184825, "batch_size": 32}, "7": {"num_layers": 1, "units_0": 64, "activation_0": "relu", "L1_0": 7.636005246347083e-06, "L2_0": 0.0021169698369686222, "batch_norm_0": false, "dropout_0": 0.27078919446727895, "optimizer": "adam", "learning_rate": 0.002442076628418452, "batch_size": 16}}