{"2": {"num_layers": 1, "units_0": 64, "activation_0": "relu", "L1_0": 7.394623900167658e-07, "batch_norm_0": false, "dropout_0": 0.4997620879272778, "optimizer": "rmsprop", "learning_rate": 0.0029618608452614153, "batch_size": 32}, "3": {"num_layers": 1, "units_0": 64, "activation_0": "relu", "L1_0": 5.183320623957504e-07, "batch_norm_0": false, "dropout_0": 0.4074807066924247, "optimizer": "rmsprop", "learning_rate": 0.002331954872502755, "batch_size": 32}, "4": {"num_layers": 1, "units_0": 64, "activation_0": "relu", "L1_0": 5.5145861116954755e-05, "batch_norm_0": false, "dropout_0": 0.40717089896371234, "optimizer": "adam", "learning_rate": 0.005280065655761905, "batch_size": 16}, "5": {"num_layers": 1, "units_0": 64, "activation_0": "relu", "L1_0": 9.302888204487207e-07, "batch_norm_0": false, "dropout_0": 0.3507940580493344, "optimizer": "rmsprop", "learning_rate": 0.0059419167631595115, "batch_size": 16}, "6": {"num_layers": 1, "units_0": 64, "activation_0": "relu", "L1_0": 3.941749729108008e-07, "batch_norm_0": false, "dropout_0": 0.12098168333048918, "optimizer": "adam", "learning_rate": 0.008995591028056657, "batch_size": 16}, "7": {"num_layers": 1, "units_0": 160, "activation_0": "tanh", "L1_0": 1.0346813712435092e-06, "batch_norm_0": false, "dropout_0": 0.06663489934127098, "optimizer": "rmsprop", "learning_rate": 0.004632065053933757, "batch_size": 16}}