Feature,Importance Mean
AdjEM,0.3225059797356581
Conf_AEC,-1.0060412363799286e-06
Conf_Big South,-0.00018793939249850733
Conf_NEC,-0.000847482837676572
Conf_Big Ten,-0.01277912715583569
