Feature,Importance Mean
AdjEM,0.3333053913021377
S16_Actual_12,0.05954554380794226
Conf_Summit,0.001888572082881329
Conf_MVC,-0.0028201939666327503
Bench,-0.0075182108863445915
