Feature,Importance Mean
Winner_Actual_6,0.13370858806911995
First_Year,0.0
Conf_WCC,-0.0017756396772549696
