Feature,Importance Mean
AdjEM,0.19953686431712522
OE,0.053612803862803836
Conf_Big Ten,0.0075208978328173345
First_Year,0.0
