Feature,Importance Mean
Conf_OVC,0.0019596892823472278
First_Year,0.0
Conf Tourney,-0.012245404769821213
