Feature,Importance Mean
Conf_OVC,0.0019455557637020288
First_Year,0.0
Conf Tourney,-0.012098854171928918
