Feature,Importance Mean
Seed,0.11840484920988588
E8_Actual_6,0.016104164371081916
S16_Actual_12,0.012766724373361356
Conf_Big East,0.003266775894944749
Conf_MWC,0.0024786499518562846
Conf_Southland,0.0
Conf_Big Ten,-0.0007082270896618804
