Feature,Importance Mean
AdjEM,0.18819586214398107
S16_Actual_Full,0.09367428293386938
Conf_MWC,0.00015555702360987468
Conf_AAC,-8.977138611132251e-05
Conf_NEC,-0.00032281556476972063
Off_1,-0.009398206370251629
