Feature,Importance Mean
AdjOE,0.7278280053280055
Winner_Actual_Full,0.5525
AdjDE,0.4518809523809524
DR1,0.423
OR5Rank,0.36333333333333334
Def_1,0.1366666666666667
Pts4Rank,0.11833333333333335
Conf_Big Ten,0.06666666666666667
Conf_Big East,0.065
Conf_WCC,0.0225
