Feature,Importance Mean
AdjEM,0.02539819313364623
Conf_Horizon,0.01924265987676604
R32_Actual_12,0.010633527905966032
Conf_Pac-12,0.003310741829127549
R32_Actual_Full,0.002148178020967643
Conf_MVC,0.0015541395286272225
Conf_SEC,7.783243789602074e-05
S16_Actual_Full,-0.0020280941905909803
Conf_WCC,-0.011468373803567111
RankAdjOE,-0.014994334619921943
Wins,-0.016528137589167477
