Feature,Importance Mean
AdjEM,0.32505816480346283
OR5,0.10831098104110153
Conf_Mid-Cont,0.0
Conf_Horizon,-0.0002956014573661564
Conf_Pac-12,-0.05974576012223069
