Feature,Importance Mean
AdjEM,0.4916091341524709
RankAdjDE,0.13727471583572565
Conf_Big 12,0.02190271188505032
Conf_MAC,0.005147642679900739
