Feature,Importance Mean
AdjEM,0.2871498391433176
RankAdjDE,0.03798018139244406
OE,0.03372412126052928
RankDef_3,0.015635817912716444
Conf_A-Sun,0.0024200694681307633
First_Year,0.0
