Feature,Importance Mean
AdjEM,0.8892379181413415
OR5,0.4859558080808081
Conf_AAC,0.011000000000000001
