Feature,Importance Mean
AdjEM,0.22410899663386072
RankOE,0.06114225022634999
Conf_ACC,0.048906276851922593
Conf_NEC,-0.0005817242106632986
RankDef_3,-0.03250501757171808
Region_Midwest,-0.04094562014782605
