Feature,Importance Mean
AdjEM,0.38610431030823233
Size,0.12717663565543713
BenchRank,0.04967938168413291
Conf_AEC,-0.0014223484475233018
Conf_CUSA,-0.0020724606276076906
Conf_Big Ten,-0.007554694550554505
