Feature,Importance Mean
AdjEM,0.28443314266458447
S16_Actual_12,0.08082505350607909
Wins,0.05971704276847209
SizeRank,0.03706978632664015
Bench,0.03696986323528877
Conf_SWAC,0.001626827184332883
Conf_NEC,-0.00021161670690515445
E8_Actual_Full,-0.0048832214935815525
Region_East,-0.01373096624958887
