Feature,Importance Mean
AdjEM,0.24873482580405362
E8_Actual_Full,0.03613755812337719
S16_Actual_Full,0.014162972547731792
Off_1,0.0049811585572485115
Conf_Big East,0.0039395161199431835
Region_East,0.002158867341116001
Conf_MWC,0.0012794468502395394
Bench,-0.001215920779365428
