Feature,Importance Mean
AdjEM,0.16478987394932804
Seed,0.07652600615338112
E8_Actual_6,0.05610257440013507
Off_1,0.0038756366235539953
Conf_MWC,0.0025596565409639616
Conf_WAC,0.002385126251584832
Conf_Big Ten,0.0020704851909208065
Conf_CUSA,0.0009220889258606496
Conf_Big South,0.0002667333550393397
Conf_Southland,0.0
