Feature,Importance Mean
Seed,0.27178761344818847
AdjDE,0.017172650031129034
Off_1,0.006541051296399869
Conf_AAC,0.004261914217162361
Pts5,0.00381438725854363
Conf_Pac-12,0.0012091240256431113
Region_East,0.000879054513793267
Conf_MWC,0.0005897276879485203
Conf_CAA,3.6573197008813455e-05
Conf_ACC,-0.0006912851915101569
