Feature,Importance Mean
AdjEM,0.04402071655600806
Seed,0.022810745707923453
Conf_Pac-12,0.0044432368362168915
Wins,0.0026818081773520765
RankDef_1,0.0003855566233795525
Conf_MAC,-8.789892111837311e-05
Conf_MVC,-0.0038891983270960585
