Feature,Importance Mean
Seed,0.35838154212756157
Conf_Big Ten,0.0035553167997077273
Conf_A-Sun,9.290975190893169e-06
RankOff_1,-0.007467494349045069
