Feature,Importance Mean
AdjEM,0.1647839314253204
Seed,0.07662058439275773
E8_Actual_6,0.056176816184974845
Off_1,0.003885448138103776
Conf_MWC,0.0025522825697454005
Conf_WAC,0.0023737466638629277
Conf_Big Ten,0.0020768823177006453
Conf_CUSA,0.0009138467164691255
Conf_Big South,0.0002668937895024365
Conf_Southland,0.0
