Feature,Importance Mean
AdjEM,0.14329485597578898
DE,0.016892789711023582
RankTempo,0.013526636457246553
Wins,0.0010907205977073913
Year,0.0
RankOff_3,-0.00013998949366517244
Conf_Big Ten,-0.0004561845637317596
