Feature,Importance Mean
Conf_WCC,0.005439810634385423
Winner_Actual_Full,0.005426775507335184
Year,0.0
First_Year,0.0
RankOE,-0.0011131392236512138
