Feature,Importance Mean
AdjEM,0.419812931770764
OR5,0.16211603919870826
Wins,0.1370942170842551
R32_Actual_12,0.055148886739087695
