Feature,Importance Mean
Winner_Actual_Full,0.649404761904762
Seed,0.6105450255066422
RankDef_3,0.40225
AdjOE,0.3511666666666666
Pts4Rank,0.316
