Feature,Importance Mean
Seed,0.4024929653679654
AdjOE,0.1287261904761905
F4_Actual_12,0.11238095238095244
R32_Actual_6,0.07533333333333335
Conf Tourney,0.03083333333333336
Conf_Pac-12,0.00750000000000001
Conf_Southland,0.0
Conf_Mid-Cont,0.0
