Feature,Importance Mean
AdjEM,0.32824142940323175
Conf Tourney,0.005606782620575757
Year,0.0
Conf_NEC,-0.0006268771027129888
Conf_ACC,-0.018274259524191917
