Feature,Importance Mean
E8_Actual_6,0.03461799551953181
R32_Actual_12,0.027990310084494253
AdjDE,0.007802953384829249
RankDE,0.006066193789974018
AdjTempo,0.005249476092988366
RankOff_1,0.003686568681619887
RankAdjTempo,0.0030680506183614707
Conf Tourney,0.0015013598244404173
RankAdjDE,0.00019090798413049927
Conf_MEAC,0.0
