Feature,Importance Mean
E8_Actual_6,0.03463235159638905
R32_Actual_12,0.02798018174874736
AdjDE,0.007848624809115488
RankDE,0.006085135640240627
AdjTempo,0.005246959369884502
RankOff_1,0.003671323038406207
RankAdjTempo,0.0030861173585718543
Conf Tourney,0.0015100329167638202
RankAdjDE,0.00018469181211653015
Conf_MEAC,0.0
