Feature,Importance Mean
AdjEM,0.5784575308464874
Conf_Big East,0.05731521465649665
Region_East,0.0354585072703366
Conf_SWAC,0.0016079208379681132
