Feature,Importance Mean
Conf_Pac-12,0.0002850298416707559
Conf_WAC,0.00019905139001699795
Conf_Summit,0.00013154474351430897
Conf_Big South,8.293174894805903e-05
First_Year,0.0
