Feature,Importance Mean
Seed,0.3548059535548274
OE,0.1878055555555556
Conf_WCC,0.1610805860805861
Def_3,0.047000000000000014
Conf_CUSA,0.016153846153846154
Conf_Big Ten,0.01479564106344292
Conf_MVC,0.012692307692307692
RankAdjOE,-0.02767857142857142
