Feature,Importance Mean
AdjEM,0.047159189482047205
Winner_Actual_6,0.006411566072385688
Conf_MVC,0.0028363708078866967
Conf_AAC,0.001729754497472044
Conf_Southern,4.364422092765552e-05
Year,0.0
Region_West,-0.00010073774919584875
Conf_MWC,-0.0002294538831697447
