Feature,Importance Mean
S16_Actual_6,0.01379278481366163
NCG_Actual_12,0.011661642046212737
RankAdjOE,0.006626809717548361
Conf_WCC,0.0026563916205335587
RankAdjEM,0.002609725803624698
Region_East,0.0021977007646190217
AdjTempo,0.0021500371428387535
RankOE,0.001941359697405855
RankDE,0.0014050536839472362
Conf_Big Ten,0.000747163716790884
Def_3,0.0005873212932292562
Conf_Pac-12,8.312693320098905e-05
First_Year,0.0
