Feature,Importance Mean
Seed,0.48261388617649936
Conf_Big Ten,0.008842738194148202
Region_Midwest,0.006208546011012821
Conf_MWC,0.005086697860492765
Conf_SWAC,0.004532417442308801
Conf_Big South,0.001560821621151855
Conf_Big Sky,0.0011076579367973183
Conf_Patriot,0.0007078062693464477
Conf_Big West,0.0005172360015877897
Conf_Southland,0.0
