Feature,Importance Mean
AdjOE,0.17265043290043292
E8_Actual_Full,0.05016666666666667
Conf_Pac-10,0.0
First_Year,0.0
Conf_Big Ten,-0.005
Conf_WCC,-0.0125
Conf_Pac-12,-0.02166666666666666
RankAdjDE,-0.10916666666666666
