Feature,Importance Mean
S16_Actual_6,0.016273265840577044
Conf_WCC,0.01256112744423739
RankTempo,0.004218932624699351
RankAdjEM,0.0034277214243236646
RankOE,0.0026976673990165307
Conf_Big Ten,0.0021881877107226355
Conf_Pac-12,0.0005488240008441568
RankAdjDE,-1.25550439061424e-05
Conf_A-10,-0.00016074754632240792
E8_Actual_12,-0.001212625061559761
Def_2,-0.0028949541186554088
