Feature,Importance Mean
Seed,0.4146749063243258
F4_Actual_12,0.24279761904761904
AdjOE,0.19000000000000003
RankDE,0.12539285714285717
Def_3,0.09842857142857148
