Feature,Importance Mean
Seed,0.033232925490595214
Conf Tourney,0.004491192781744223
Conf_AAC,0.004279492350545994
Off_3,0.0031491007205835266
Conf_MVC,0.002464186593289221
First_Year,0.0
Conf_Southern,-2.504098472706051e-05
RankAdjDE,-0.00020102816213548257
Wins,-0.004665394425547006
RankOE,-0.010115797305676856
AdjEM,-0.01056803993227901
