Feature,Importance Mean
AdjEM,0.32845103720252444
Conf Tourney,0.005562302484422659
Year,0.0
Conf_NEC,-0.0006285373745045114
Conf_ACC,-0.018359753687428634
