Feature,Importance Mean
AdjEM,0.24450172417980326
OE,0.039388937128332316
Conf_ACC,0.019050896290721372
Conf_Mid-Cont,0.0
RankDef_3,-0.03045655324547991
