Feature,Importance Mean
AdjEM,0.2928416482174753
Wins,0.01681078869830811
RankDef_3,0.016692111332557748
Conf_Pac-12,0.010409370849955768
Conf_ACC,0.006130192473343749
RankDef_1,-0.00034313622592496094
Conf_OVC,-0.00038610878958157235
RankOff_3,-0.0012501566580217205
Conf_WCC,-0.0016768161786012547
