Feature,Importance Mean
S16_Actual_6,0.01379351152070106
NCG_Actual_12,0.011661371244546682
RankAdjOE,0.006627175263553173
Conf_WCC,0.0026569978108438135
RankAdjEM,0.002608981912338508
Region_East,0.002197168560399562
AdjTempo,0.0021493930394305433
RankOE,0.001941865497885144
RankDE,0.0014047912521695208
Conf_Big Ten,0.0007474084878504295
Def_3,0.0005882712107024282
Conf_Pac-12,8.316416186169472e-05
First_Year,0.0
