Feature,Importance Mean
AdjEM,0.1793673422493599
Seed,0.11732501173342408
Wins,0.028686389099784673
Conf_Pac-12,0.027723543826415842
Region_South,0.009963682622511027
Conf_Sun Belt,0.001251928323929663
Winner_Actual_6,-0.027525327996580997
