Feature,Importance Mean
Seed,0.0326220130859955
Conf Tourney,0.00445804177804287
Conf_AAC,0.004358887582945997
Off_3,0.0031747802620083272
Conf_MVC,0.00250039754266272
First_Year,0.0
Conf_Southern,-2.4632222847923434e-05
RankAdjDE,-0.0003642003191613219
Wins,-0.004824597291152737
RankOE,-0.010305241660572362
AdjEM,-0.010742795446701169
