{"2": {"booster": "gbtree", "learning_rate": 0.21728476966470056, "max_depth": 2, "min_child_weight": 7, "subsample": 0.1493917932111137, "colsample_bytree": 0.8226446988181774, "reg_lambda": 0.00249474853056117, "reg_alpha": 0.0038736293207187527, "gamma": 3.437570762436739, "grow_policy": "depthwise", "num_boost_round": 930}, "3": {"booster": "dart", "learning_rate": 0.13599078101104162, "max_depth": 8, "min_child_weight": 8, "subsample": 0.5289350686403267, "colsample_bytree": 0.20632335952025171, "reg_lambda": 2.145542413460425e-05, "reg_alpha": 0.09055250952613729, "gamma": 2.9099443217681698, "grow_policy": "depthwise", "num_boost_round": 151}, "4": {"booster": "dart", "learning_rate": 0.11250220511072731, "max_depth": 1, "min_child_weight": 8, "subsample": 0.9618020978521589, "colsample_bytree": 0.919572851216385, "reg_lambda": 0.9596439229029274, "reg_alpha": 0.0010003427437050667, "gamma": 0.03257819416319799, "grow_policy": "depthwise", "num_boost_round": 371}, "5": {"booster": "gbtree", "learning_rate": 0.07420258601097089, "max_depth": 6, "min_child_weight": 8, "subsample": 0.9998900340446579, "colsample_bytree": 0.5939683858826755, "reg_lambda": 0.016855318347497195, "reg_alpha": 0.032546221645517334, "gamma": 0.22560931279727914, "grow_policy": "depthwise", "num_boost_round": 864}, "6": {"booster": "gbtree", "learning_rate": 0.20634380329717153, "max_depth": 1, "min_child_weight": 3, "subsample": 0.6709273828644035, "colsample_bytree": 0.6865415636107538, "reg_lambda": 0.003212511484700134, "reg_alpha": 0.0019322826299192162, "gamma": 5.385923728092715, "grow_policy": "depthwise", "num_boost_round": 930}, "7": {"booster": "gbtree", "learning_rate": 0.2736676215566231, "max_depth": 9, "min_child_weight": 4, "subsample": 0.8940519272400216, "colsample_bytree": 0.3317437108577694, "reg_lambda": 0.001223099762458682, "reg_alpha": 0.11230750359740448, "gamma": 1.1903445069769052, "grow_policy": "depthwise", "num_boost_round": 265}}