{"2": {"num_layers": 1, "units_0": 128, "activation_0": "tanh", "batch_norm_0": false, "dropout_0": 0.8590922031484434, "optimizer": "adam", "learning_rate": 0.030416416260651884, "batch_size": 64}, "3": {"num_layers": 1, "units_0": 256, "activation_0": "tanh", "batch_norm_0": true, "dropout_0": 0.014674314590571915, "optimizer": "adam", "learning_rate": 0.00044365236701861504, "batch_size": 64}, "4": {"num_layers": 2, "units_0": 320, "activation_0": "relu", "batch_norm_0": true, "dropout_0": 0.6052248479930404, "units_1": 192, "activation_1": "tanh", "batch_norm_1": true, "dropout_1": 0.9326041613894679, "optimizer": "sgd", "learning_rate": 0.025515175983624447, "batch_size": 32}, "5": {"num_layers": 3, "units_0": 192, "activation_0": "relu", "batch_norm_0": true, "dropout_0": 0.5524973644853122, "units_1": 64, "activation_1": "tanh", "batch_norm_1": true, "dropout_1": 0.8684793321665487, "units_2": 288, "activation_2": "tanh", "batch_norm_2": true, "dropout_2": 0.14626028306563454, "optimizer": "adam", "learning_rate": 0.001479890703007556, "batch_size": 64}, "6": {"num_layers": 2, "units_0": 128, "activation_0": "tanh", "batch_norm_0": false, "dropout_0": 0.5023744095040309, "units_1": 192, "activation_1": "tanh", "batch_norm_1": false, "dropout_1": 0.10851597384432284, "optimizer": "adam", "learning_rate": 0.0037438305840342126, "batch_size": 64}, "7": {"num_layers": 1, "units_0": 128, "activation_0": "tanh", "batch_norm_0": false, "dropout_0": 0.18014885205971906, "optimizer": "adam", "learning_rate": 0.027715720528625195, "batch_size": 16}}