Round,Accuracy
R32,0.4921875
S16,0.484375
E8,0.15625
F4,0.25
NCG,0.25
Winner,0.25
