Round,Brier Score
R32,0.5274825796801
S16,0.4653691564016434
E8,0.3751485993229935
F4,0.5738129224810593
NCG,0.16675175386090552
Winner,0.06272522285145306
