Round,Brier Score
R32,0.5274562001200445
S16,0.4654051350486853
E8,0.3746312251324946
F4,0.5738138444632791
NCG,0.16665011604097707
Winner,0.06272623809967763
