Round,Accuracy
R32,0.609375
S16,0.7421875
E8,0.46875
F4,0.0625
NCG,0.25
Winner,0.125
