Round,Log Loss
R32,0.8112542791344732
S16,0.6920689498973075
E8,0.5246875297732071
F4,0.3689502162750666
NCG,0.4955745158615972
Winner,0.6225943646996278
