Round,Log Loss
R32,0.8197615457533776
S16,0.6603042777844336
E8,0.4869393048274594
F4,0.3466770526668795
NCG,0.4590515642980902
Winner,0.3550986050986051
