Round,Accuracy
R32,0.5078125
S16,0.46875
E8,0.34375
F4,0.25
NCG,0.125
Winner,0.25
