Round,Accuracy
R32,0.6107954545454546
S16,0.6363636363636364
E8,0.4318181818181818
F4,0.20454545454545456
NCG,0.22727272727272727
Winner,0.18181818181818182
