Round,Accuracy
R32,0.6964108923667748
S16,0.6706278569914933
E8,0.4792207792207792
F4,0.0
NCG,0.0
Winner,0.18181818181818182
