Round,Accuracy
R32,0.6079545454545454
S16,0.6931818181818182
E8,0.4318181818181818
F4,0.22727272727272727
NCG,0.22727272727272727
Winner,0.18181818181818182
