Round,Accuracy
R32,0.5625
S16,0.5681818181818182
E8,0.38636363636363635
F4,0.20454545454545456
NCG,0.2727272727272727
Winner,0.45454545454545453
