Round,Brier Score
R32,0.1756537186968816
S16,0.14241421636642604
E8,0.10001965881715515
F4,0.061778003732329494
NCG,0.03275365913017605
Winner,0.016155908663448775
