Round,Brier Score
R32,0.17944823917003158
S16,0.14962690877337942
E8,0.11846858995926562
F4,0.06048235023585951
NCG,0.11010137524873614
Winner,0.02811079566436183
