Round,Accuracy
R32,0.6079545454545454
S16,0.6761363636363636
E8,0.5
F4,0.20454545454545456
NCG,0.2727272727272727
Winner,0.09090909090909091
