Round,Accuracy
R32,0.52734375
S16,0.609375
E8,0.421875
F4,0.15625
NCG,0.0625
Winner,0.125
