Round,Accuracy
R32,0.7495804302703508
S16,0.48646908646908643
E8,0.3901744719926538
F4,0.22727272727272727
NCG,0.22727272727272727
Winner,0.18181818181818182
