Round,Accuracy
R32,0.7639389349417399
S16,0.5626038388387108
E8,0.47516574334756156
F4,0.2333333333333333
NCG,0.22727272727272727
Winner,0.045454545454545456
