Round,Brier Score
R32,0.17997470547377964
S16,0.14512650666131796
E8,0.09976583116299813
F4,0.06390560162783247
NCG,0.03478605681234754
Winner,0.015939999261334756
