Round,Log Loss
R32,0.5258028585977588
S16,0.46828095163821604
E8,0.36134631340883183
F4,0.4071610622327702
NCG,0.11842012160450509
Winner,0.05599028139287994
