Round,Accuracy
R32,0.6306818181818182
S16,0.6278409090909091
E8,0.5738636363636364
F4,0.4431818181818182
NCG,0.4772727272727273
Winner,0.5909090909090909
