Round,Log Loss
R32,0.8122414131150134
S16,0.6327592944475584
E8,0.49089678929726543
F4,0.3671638170337265
NCG,0.34651835006139886
Winner,0.5267278698313181
