Round,Accuracy
R32,0.7301136363636364
S16,0.6818181818181818
E8,0.5681818181818182
F4,0.2727272727272727
NCG,0.36363636363636365
Winner,0.6363636363636364
