Round,Log Loss
R32,0.8122414131150134
S16,0.676496889497753
E8,0.49089678929726543
F4,0.3671638170337265
NCG,0.42905632807799726
Winner,0.5267278698313181
