Round,Accuracy
<<<<<<< HEAD
R32,0.4921875
S16,0.484375
E8,0.15625
F4,0.25
NCG,0.25
Winner,0.25
=======
R32,0.609375
S16,0.7421875
E8,0.46875
F4,0.0625
NCG,0.25
Winner,0.125
>>>>>>> add_years
