Round,Accuracy
R32,0.6205357142857143
S16,0.7142857142857143
E8,0.5178571428571429
F4,0.21428571428571427
NCG,0.35714285714285715
Winner,0.2857142857142857
