Round,Accuracy
R32,0.6647727272727273
S16,0.6477272727272727
E8,0.5113636363636364
F4,0.36363636363636365
NCG,0.2727272727272727
Winner,0.5454545454545454
