Round,2021,2022,2023,2024,Mean,Standard Deviation
R32,0.65625,0.71875,0.78125,0.71875,0.71875,0.05103103630798288
S16,0.4375,0.5625,0.625,0.6875,0.578125,0.10673907047874581
E8,0.5,0.25,0.25,0.375,0.34375,0.11967838846954226
F4,0.5,0.5,0.0,0.5,0.375,0.25
NCG,1.0,0.5,0.0,1.0,0.625,0.47871355387816905
Winner,0.0,0.0,0.0,1.0,0.25,0.5
