Round,2021,2022,2023,2024,Mean,Standard Deviation
R32,0.78125,0.78125,0.8125,0.84375,0.8046875,0.029919597117385566
S16,0.5625,0.6875,0.6875,0.875,0.703125,0.1288470508005519
E8,0.625,0.625,0.375,0.375,0.5,0.14433756729740643
F4,0.5,1.0,0.75,0.5,0.6875,0.23935677693908453
NCG,0.5,1.0,0.5,1.0,0.75,0.28867513459481287
Winner,0.0,1.0,1.0,1.0,0.75,0.5
