{"2": {"booster": "dart", "learning_rate": 0.03163149841688672, "max_depth": 3, "min_child_weight": 9, "subsample": 0.32953130208623094, "colsample_bytree": 0.13988674106028146, "reg_lambda": 0.04398796679447686, "reg_alpha": 0.24310807842743357, "gamma": 8.369289284715071, "grow_policy": "lossguide", "num_boost_round": 476}, "3": {"booster": "gbtree", "learning_rate": 0.1137149169449604, "max_depth": 8, "min_child_weight": 7, "subsample": 0.4983980632633127, "colsample_bytree": 0.5709416660818549, "reg_lambda": 0.009940295894383909, "reg_alpha": 0.07686560890114653, "gamma": 0.5330167148277087, "grow_policy": "depthwise", "num_boost_round": 679}, "4": {"booster": "dart", "learning_rate": 0.2720999550185426, "max_depth": 9, "min_child_weight": 10, "subsample": 0.23587198281103985, "colsample_bytree": 0.5201444861645127, "reg_lambda": 0.16631996052889467, "reg_alpha": 0.11317755855104596, "gamma": 7.406842074367833, "grow_policy": "depthwise", "num_boost_round": 375}, "5": {"booster": "dart", "learning_rate": 0.19008032828060895, "max_depth": 6, "min_child_weight": 6, "subsample": 0.6733282417624923, "colsample_bytree": 0.837286220624521, "reg_lambda": 0.031815828788116875, "reg_alpha": 0.007203207049479133, "gamma": 4.760367056351732, "grow_policy": "lossguide", "num_boost_round": 943}, "6": {"booster": "dart", "learning_rate": 0.26873042372191386, "max_depth": 9, "min_child_weight": 4, "subsample": 0.5143841995601173, "colsample_bytree": 0.5030476593709395, "reg_lambda": 0.00025836852949186987, "reg_alpha": 0.021369459104768677, "gamma": 2.7427673222053173, "grow_policy": "lossguide", "num_boost_round": 375}, "7": {"booster": "dart", "learning_rate": 0.29736140614781753, "max_depth": 9, "min_child_weight": 3, "subsample": 0.9921241896376497, "colsample_bytree": 0.1427236823800104, "reg_lambda": 0.04033310183886641, "reg_alpha": 0.35033358014725485, "gamma": 0.5722324926297353, "grow_policy": "depthwise", "num_boost_round": 894}}