{"2": {"booster": "gbtree", "learning_rate": 0.09453421643651488, "max_depth": 3, "min_child_weight": 2, "subsample": 0.15077234329148612, "colsample_bytree": 0.23146487350873918, "reg_lambda": 0.00037253293628934734, "reg_alpha": 0.005216651774512804, "gamma": 4.510819665474032, "grow_policy": "lossguide", "num_boost_round": 327}, "3": {"booster": "dart", "learning_rate": 0.14870148490527296, "max_depth": 7, "min_child_weight": 6, "subsample": 0.2671143249136463, "colsample_bytree": 0.6350660546354874, "reg_lambda": 3.915822150594544e-05, "reg_alpha": 0.016314038782311947, "gamma": 0.5931977307806374, "grow_policy": "lossguide", "num_boost_round": 102}, "4": {"booster": "gbtree", "learning_rate": 0.12339358066071562, "max_depth": 2, "min_child_weight": 10, "subsample": 0.2811984014124869, "colsample_bytree": 0.49174950976459836, "reg_lambda": 1.6387474440193913e-05, "reg_alpha": 0.001776658051919876, "gamma": 7.168246175235162, "grow_policy": "depthwise", "num_boost_round": 218}, "5": {"booster": "dart", "learning_rate": 0.26527100050239677, "max_depth": 9, "min_child_weight": 8, "subsample": 0.9027611695575509, "colsample_bytree": 0.8487975369297378, "reg_lambda": 0.42000053257782655, "reg_alpha": 3.194465004045737, "gamma": 0.37218387258679225, "grow_policy": "depthwise", "num_boost_round": 208}, "6": {"booster": "gbtree", "learning_rate": 0.24836718998149052, "max_depth": 6, "min_child_weight": 1, "subsample": 0.5919737140945992, "colsample_bytree": 0.2224919309496095, "reg_lambda": 0.00038535238004698823, "reg_alpha": 0.0012407934204340546, "gamma": 8.601815418802616, "grow_policy": "depthwise", "num_boost_round": 669}, "7": {"booster": "gbtree", "learning_rate": 0.23135202637819102, "max_depth": 1, "min_child_weight": 1, "subsample": 0.27424752198185437, "colsample_bytree": 0.1730385017389599, "reg_lambda": 0.00025167648432379005, "reg_alpha": 0.03395139020129296, "gamma": 2.0767543534536763, "grow_policy": "depthwise", "num_boost_round": 237}}