{"2": {"num_layers": 2, "units_0": 320, "activation_0": "tanh", "batch_norm_0": true, "dropout_0": 0.782137469247919, "units_1": 160, "activation_1": "tanh", "batch_norm_1": false, "dropout_1": 0.8440815679807819, "optimizer": "adam", "learning_rate": 0.016754543320662587, "batch_size": 32}, "3": {"num_layers": 2, "units_0": 224, "activation_0": "tanh", "batch_norm_0": true, "dropout_0": 0.5735338379456846, "units_1": 224, "activation_1": "tanh", "batch_norm_1": true, "dropout_1": 0.24293004729898868, "optimizer": "sgd", "learning_rate": 0.08224475930757998, "batch_size": 32}, "4": {"num_layers": 3, "units_0": 224, "activation_0": "tanh", "batch_norm_0": true, "dropout_0": 0.5567745699119262, "units_1": 160, "activation_1": "tanh", "batch_norm_1": false, "dropout_1": 0.6321036708039915, "units_2": 96, "activation_2": "relu", "batch_norm_2": false, "dropout_2": 0.09473022134519785, "optimizer": "sgd", "learning_rate": 0.04518773566300789, "batch_size": 16}, "5": {"num_layers": 1, "units_0": 64, "activation_0": "tanh", "batch_norm_0": false, "dropout_0": 0.1437136534679901, "optimizer": "rmsprop", "learning_rate": 0.0003750379394972139, "batch_size": 32}, "6": {"num_layers": 2, "units_0": 160, "activation_0": "tanh", "batch_norm_0": false, "dropout_0": 0.22089694438942314, "units_1": 224, "activation_1": "tanh", "batch_norm_1": false, "dropout_1": 0.5538281350601477, "optimizer": "rmsprop", "learning_rate": 0.0038981758070894277, "batch_size": 32}, "7": {"num_layers": 1, "units_0": 224, "activation_0": "tanh", "batch_norm_0": false, "dropout_0": 0.06723279459766372, "optimizer": "adam", "learning_rate": 0.019683350888733454, "batch_size": 16}}