{"2": {"num_layers": 2, "units_0": 224, "activation_0": "tanh", "batch_norm_0": false, "dropout_0": 0.8707608775478226, "units_1": 320, "activation_1": "relu", "batch_norm_1": true, "dropout_1": 0.6194804299533921, "optimizer": "rmsprop", "learning_rate": 0.0009692058780687256, "batch_size": 64}, "3": {"num_layers": 2, "units_0": 320, "activation_0": "tanh", "batch_norm_0": true, "dropout_0": 0.04718261037969178, "units_1": 320, "activation_1": "relu", "batch_norm_1": true, "dropout_1": 0.0528449034522834, "optimizer": "sgd", "learning_rate": 0.03297532944353562, "batch_size": 32}, "4": {"num_layers": 2, "units_0": 96, "activation_0": "relu", "batch_norm_0": true, "dropout_0": 0.24558104716296256, "units_1": 64, "activation_1": "tanh", "batch_norm_1": false, "dropout_1": 0.041253983471251504, "optimizer": "adam", "learning_rate": 0.020902912660059742, "batch_size": 32}, "5": {"num_layers": 2, "units_0": 320, "activation_0": "relu", "batch_norm_0": false, "dropout_0": 0.16713920310005626, "units_1": 160, "activation_1": "relu", "batch_norm_1": false, "dropout_1": 0.8849475383764736, "optimizer": "sgd", "learning_rate": 0.02400906727322852, "batch_size": 32}, "6": {"num_layers": 2, "units_0": 96, "activation_0": "tanh", "batch_norm_0": false, "dropout_0": 0.6271470873085432, "units_1": 192, "activation_1": "relu", "batch_norm_1": false, "dropout_1": 0.37918325348979, "optimizer": "adam", "learning_rate": 0.005683875617196909, "batch_size": 64}, "7": {"num_layers": 1, "units_0": 192, "activation_0": "tanh", "batch_norm_0": false, "dropout_0": 0.03607137873332071, "optimizer": "adam", "learning_rate": 0.008406886733330997, "batch_size": 32}}