{"2": {"num_layers": 2, "units_0": 320, "activation_0": "relu", "batch_norm_0": false, "dropout_0": 0.05999449651360386, "units_1": 64, "activation_1": "tanh", "batch_norm_1": false, "dropout_1": 0.6829618257900292, "optimizer": "adam", "learning_rate": 0.005473988909575198, "batch_size": 16}, "3": {"num_layers": 3, "units_0": 224, "activation_0": "relu", "batch_norm_0": true, "dropout_0": 0.44433515677312196, "units_1": 96, "activation_1": "relu", "batch_norm_1": true, "dropout_1": 0.42231038448849134, "units_2": 288, "activation_2": "tanh", "batch_norm_2": false, "dropout_2": 0.38942933235981203, "optimizer": "adam", "learning_rate": 0.00022053155555403286, "batch_size": 16}, "4": {"num_layers": 2, "units_0": 224, "activation_0": "tanh", "batch_norm_0": false, "dropout_0": 0.6440270903430161, "units_1": 64, "activation_1": "tanh", "batch_norm_1": false, "dropout_1": 0.6729594435311674, "optimizer": "rmsprop", "learning_rate": 0.008642924889828998, "batch_size": 64}, "5": {"num_layers": 3, "units_0": 192, "activation_0": "tanh", "batch_norm_0": true, "dropout_0": 0.32017512620960614, "units_1": 160, "activation_1": "relu", "batch_norm_1": false, "dropout_1": 0.507348451108485, "units_2": 192, "activation_2": "relu", "batch_norm_2": true, "dropout_2": 0.1987779810418976, "optimizer": "sgd", "learning_rate": 0.06573494485000078, "batch_size": 16}, "6": {"num_layers": 2, "units_0": 96, "activation_0": "relu", "batch_norm_0": false, "dropout_0": 0.11191291250377076, "units_1": 224, "activation_1": "relu", "batch_norm_1": false, "dropout_1": 0.41200123795327737, "optimizer": "adam", "learning_rate": 0.0052796600668290755, "batch_size": 64}, "7": {"num_layers": 1, "units_0": 160, "activation_0": "tanh", "batch_norm_0": false, "dropout_0": 0.01720366465329759, "optimizer": "adam", "learning_rate": 0.018213093438872754, "batch_size": 16}}