{"2": {"Log": 0.8496732026143791, "RF": 0.8300653594771242, "GB": 0.8105263157894737, "NN": 0.9375}, "3": {"Log": 0.5497076023391813, "RF": 0.6099290780141844, "GB": 0.6086956521739131, "NN": 0.5693430656934306}, "4": {"Log": 0.3235294117647059, "RF": 0.46153846153846156, "GB": 0.5, "NN": 0.39344262295081966}, "5": {"Log": 0.21348314606741572, "RF": 0.4, "GB": 0.36363636363636365, "NN": 0.20987654320987653}, "6": {"Log": 0.21153846153846154, "RF": 0.4444444444444444, "GB": 1.0, "NN": 0.2857142857142857}, "7": {"Log": 0.16, "RF": 0.5, "GB": 0.5, "NN": 0.5}}