{"2": {"Log": 0.24944195873860636, "RF": 0.25003735350255296, "GB": 0.2492019737756634, "NN": 0.25131871398317746}, "3": {"Log": 0.24167883640259227, "RF": 0.2562229769904382, "GB": 0.25426065500606954, "NN": 0.2478375316009001}, "4": {"Log": 0.2320579851209141, "RF": 0.2590758828074972, "GB": 0.25449679859174873, "NN": 0.2543693334798399}, "5": {"Log": 0.22969391998240155, "RF": 0.2638370618389339, "GB": 0.26360334038308225, "NN": 0.2428656777955823}, "6": {"Log": 0.23868765924791457, "RF": 0.2564793482018677, "GB": 0.2534009403637224, "NN": 0.2514320521864954}, "7": {"Log": 0.252702044694618, "RF": 0.25009934055353045, "GB": 0.248040673296637, "NN": 0.24915794145521455}}