{"2": {"Log": 0.25162518554916663, "RF": 0.2547936233699108, "GB": 0.24253287741778354, "NN": 0.2510483136631389}, "3": {"Log": 0.23178238633192866, "RF": 0.2637438339252154, "GB": 0.26984936294211076, "NN": 0.23462441680074514}, "4": {"Log": 0.1992765075163784, "RF": 0.28388626379087684, "GB": 0.28027425742242357, "NN": 0.2365629712703212}, "5": {"Log": 0.17483812496034268, "RF": 0.306804967077058, "GB": 0.3066345725663321, "NN": 0.2117223353962673}, "6": {"Log": 0.13601625463592296, "RF": 0.33381313212157726, "GB": 0.31941490656757127, "NN": 0.21075570667492854}, "7": {"Log": 0.12720669267206902, "RF": 0.26266244801749733, "GB": 0.30783479783542717, "NN": 0.3022960614750065}}