{"2": {"Log": 0.759460906477036, "RF": 0.787902190119774, "GB": 0.756245996305746, "NN": 0.739806541420962}, "3": {"Log": 0.515838458742073, "RF": 0.658138193544892, "GB": 0.641355703120409, "NN": 0.621203536511023}, "4": {"Log": 0.327903529406087, "RF": 0.494169719169719, "GB": 0.477450579723307, "NN": 0.393867243867244}, "5": {"Log": 0.187156264787844, "RF": 0.406060606060606, "GB": 0.393260527351436, "NN": 0.262121212121212}, "6": {"Log": 0.211847495938405, "RF": 0.325757575757576, "GB": 0.303030303030303, "NN": 0.188636363636364}, "7": {"Log": 0.283333333333333, "RF": 0.177272727272727, "GB": 0.227272727272727, "NN": 0.290909090909091}}