{"2": {"Log": 0.24763816049285628, "RF": 0.2555369582324294, "GB": 0.24978262111246788, "NN": 0.2470422601622464}, "3": {"Log": 0.24555743560289187, "RF": 0.2542191983637897, "GB": 0.24834070478204381, "NN": 0.25188266125127456}, "4": {"Log": 0.23675609930614835, "RF": 0.2561986518395458, "GB": 0.26090364287993734, "NN": 0.2461416059743686}, "5": {"Log": 0.2314856480921854, "RF": 0.25624121809953276, "GB": 0.25594002561880275, "NN": 0.25633310818947913}, "6": {"Log": 0.23959565249815226, "RF": 0.2553168550878566, "GB": 0.25617335663579754, "NN": 0.2489141357781936}, "7": {"Log": 0.25194360274168714, "RF": 0.24990604278067646, "GB": 0.24643068792415132, "NN": 0.251719666553485}}