{"2": {"Log": 0.8125, "RF": 0.84375, "GB": 0.75, "NN": 0.7945205479452054}, "3": {"Log": 0.46236559139784944, "RF": 0.6119402985074627, "GB": 0.6888888888888889, "NN": 0.6666666666666666}, "4": {"Log": 0.26744186046511625, "RF": 0.3939393939393939, "GB": 0.4, "NN": 0.46153846153846156}, "5": {"Log": 0.2127659574468085, "RF": 0.5, "GB": 0.5454545454545454, "NN": 0.3}, "6": {"Log": 0.4444444444444444, "RF": 0.625, "GB": 0.6666666666666666, "NN": 0.3}, "7": {"Log": 0.5, "RF": 0.4, "GB": 1.0, "NN": 0.5}}