{"2": {"Log": 0.931818181818182, "RF": 0.832298136645963, "GB": 0.835227272727273, "NN": 0.901785714285714}, "3": {"Log": 0.888888888888889, "RF": 0.647540983606557, "GB": 0.676470588235294, "NN": 0.794871794871795}, "4": {"Log": 0.492753623188406, "RF": 0.536231884057971, "GB": 0.673469387755102, "NN": 1.0}, "5": {"Log": 0.588235294117647, "RF": 0.5, "GB": 0.8, "NN": 0.583333333333333}, "6": {"Log": 0.8, "RF": 0.6, "GB": 1.0, "NN": 0.857142857142857}, "7": {"Log": 1.0, "RF": 0.5, "GB": 0.666666666666667, "NN": 1.0}}