{"2": {"Log": 0.24987097137536937, "RF": 0.2511404389643214, "GB": 0.24860441363125543, "NN": 0.2503841760290539}, "3": {"Log": 0.24522963279910193, "RF": 0.2513373713685927, "GB": 0.255615147500726, "NN": 0.24781784833157938}, "4": {"Log": 0.24028559841847688, "RF": 0.254586481360477, "GB": 0.2556581599501576, "NN": 0.24946976027088852}, "5": {"Log": 0.23994073108114675, "RF": 0.25408608592738674, "GB": 0.25462455663298456, "NN": 0.2513486263584819}, "6": {"Log": 0.24329684352356704, "RF": 0.2528453787332328, "GB": 0.2531094465724834, "NN": 0.2507483311707168}, "7": {"Log": 0.24711263346938583, "RF": 0.25076647655829565, "GB": 0.2509416083484273, "NN": 0.2511792816238911}}