{"2": {"Log": 5.593531518086103, "RF": 5.664669009122609, "GB": 5.389489990227908, "NN": 5.5805815441208715}, "3": {"Log": 6.142599865440099, "RF": 6.9979055528151335, "GB": 7.161523309947398, "NN": 6.218572180435417}, "4": {"Log": 6.830642038225, "RF": 9.75983000377137, "GB": 9.63442568260954, "NN": 8.119350369685778}, "5": {"Log": 9.783311662048723, "RF": 17.241544660342537, "GB": 17.23187328259075, "NN": 11.861417980375617}, "6": {"Log": 16.571184270835506, "RF": 40.91022962186392, "GB": 39.12878812807505, "NN": 25.734148083093256}, "7": {"Log": 30.152752348826215, "RF": 62.53440497672528, "GB": 73.39653734079779, "NN": 72.06297969415175}}