{"2": {"Log": 0.25060023273176163, "RF": 0.2521999657204399, "GB": 0.24607885834413265, "NN": 0.2511209432036658}, "3": {"Log": 0.2576758614637492, "RF": 0.2327842449010696, "GB": 0.25071044402364034, "NN": 0.2588294496115409}, "4": {"Log": 0.2441510675350074, "RF": 0.2587120840843242, "GB": 0.24980476478482053, "NN": 0.24733208359584788}, "5": {"Log": 0.24937812634647494, "RF": 0.24943967957899085, "GB": 0.24649270875019405, "NN": 0.2546894853243401}, "6": {"Log": 0.23168114467006093, "RF": 0.2586132234845231, "GB": 0.25719519484402537, "NN": 0.25251043700139053}, "7": {"Log": 0.22571695346336812, "RF": 0.2716865806213875, "GB": 0.2668034816610539, "NN": 0.23579298425419049}}