{"2": {"Log": 0.2495422898903017, "RF": 0.2588874753858281, "GB": 0.24848594052578105, "NN": 0.243084294198089}, "3": {"Log": 0.21170977224387588, "RF": 0.2701122506456121, "GB": 0.2632244020076553, "NN": 0.25495357510285677}, "4": {"Log": 0.19363721398778821, "RF": 0.2918225608320512, "GB": 0.2819493899377324, "NN": 0.23259083524242813}, "5": {"Log": 0.14989305869859434, "RF": 0.3252130850571591, "GB": 0.31496152894988627, "NN": 0.20993232729436015}, "6": {"Log": 0.20582270749550488, "RF": 0.3164932676338581, "GB": 0.2944123419849842, "NN": 0.18327168288565268}, "7": {"Log": 0.28947368421052627, "RF": 0.18111455108359134, "GB": 0.23219814241486067, "NN": 0.29721362229102166}}