{"2": {"Log": 5.544034298237505, "RF": 5.651664437877215, "GB": 5.388393507114336, "NN": 5.336512797857874}, "3": {"Log": 6.296590427708079, "RF": 6.6068392580858095, "GB": 6.879757867971834, "NN": 6.229036870195309}, "4": {"Log": 6.460357514099202, "RF": 9.610585156736377, "GB": 9.41389431144733, "NN": 8.420364959484127}, "5": {"Log": 10.347673613902982, "RF": 17.308245204847022, "GB": 16.41863535857539, "NN": 12.443283311521693}, "6": {"Log": 14.401387620834491, "RF": 33.63537410002548, "GB": 36.94588678742874, "NN": 24.685361071792844}, "7": {"Log": 27.131748156397908, "RF": 57.40833460810311, "GB": 66.39416732786658, "NN": 61.14469072691893}}