{"2": {"Log": 0.25111502322709406, "RF": 0.2510210413211996, "GB": 0.24819944533875815, "NN": 0.24966449011294817}, "3": {"Log": 0.23812551069087926, "RF": 0.2572725710328725, "GB": 0.2577809122006564, "NN": 0.24682100607559188}, "4": {"Log": 0.23311585377203353, "RF": 0.26596375884224366, "GB": 0.25892468973791427, "NN": 0.24199569764780862}, "5": {"Log": 0.24636322141532835, "RF": 0.2544859563167918, "GB": 0.25102807169085956, "NN": 0.2481227505770204}, "6": {"Log": 0.23683099238153296, "RF": 0.24846303554350838, "GB": 0.2579455541067743, "NN": 0.2567604179681844}, "7": {"Log": 0.2253546891881823, "RF": 0.26192439140062446, "GB": 0.2609299961340027, "NN": 0.2517909232771906}}