{"2": {"Log": 0.24844609116228772, "RF": 0.25111023641435176, "GB": 0.2515046831160162, "NN": 0.24893898930734426}, "3": {"Log": 0.2517360661163058, "RF": 0.25381863493335555, "GB": 0.2395744627571668, "NN": 0.2548708361931719}, "4": {"Log": 0.2280008592974615, "RF": 0.26886379266265104, "GB": 0.2508092711121477, "NN": 0.25232607692773973}, "5": {"Log": 0.24613330567215078, "RF": 0.269160045989139, "GB": 0.2643280513464051, "NN": 0.22037859699230514}, "6": {"Log": 0.2706196358327857, "RF": 0.2222766902221845, "GB": 0.24518728274837648, "NN": 0.2619163911966532}, "7": {"Log": 0.2561552682038743, "RF": 0.24583343523791085, "GB": 0.22381753401431012, "NN": 0.2741937625439048}}