{"2": {"Log": 0.24992433166272882, "RF": 0.25097909795374757, "GB": 0.248798166053185, "NN": 0.2502984043303388}, "3": {"Log": 0.24377952164052788, "RF": 0.2545243299165737, "GB": 0.2533396325650999, "NN": 0.24835651587779856}, "4": {"Log": 0.2379654382264142, "RF": 0.25445537023871245, "GB": 0.2551955491070586, "NN": 0.25238364242781486}, "5": {"Log": 0.2470084005735914, "RF": 0.2510024543493015, "GB": 0.2509863297326924, "NN": 0.25100281534441454}, "6": {"Log": 0.2423314708938519, "RF": 0.2525613180068607, "GB": 0.25254737649212866, "NN": 0.2525598346071587}, "7": {"Log": 0.24795226466050257, "RF": 0.250945837162006, "GB": 0.25045932606178883, "NN": 0.25064257211570257}}