{"2": {"Log": 0.2488527613448067, "RF": 0.25269238619702405, "GB": 0.24988938178860132, "NN": 0.24856547066956802}, "3": {"Log": 0.24756248183333715, "RF": 0.2523241405991563, "GB": 0.24908265705352509, "NN": 0.2510307205139815}, "4": {"Log": 0.24188386908219991, "RF": 0.2537929327050278, "GB": 0.256761901435503, "NN": 0.24756129677726943}, "5": {"Log": 0.23638909804724856, "RF": 0.25459015067454427, "GB": 0.2543604938980829, "NN": 0.25466025738012416}, "6": {"Log": 0.24098560886750678, "RF": 0.25463264814262576, "GB": 0.255397961414668, "NN": 0.24898378157519951}, "7": {"Log": 0.2518774332147414, "RF": 0.2499000712421075, "GB": 0.24656314557112663, "NN": 0.2516593499720244}}