{"2": {"Log": 0.2501931668365632, "RF": 0.25026453171610197, "GB": 0.24899993292498307, "NN": 0.25054236852235195}, "3": {"Log": 0.2452296327991019, "RF": 0.2513373713685927, "GB": 0.255615147500726, "NN": 0.24781784833157938}, "4": {"Log": 0.24028559841847683, "RF": 0.254586481360477, "GB": 0.25565815995015756, "NN": 0.24946976027088852}, "5": {"Log": 0.24871719337942758, "RF": 0.24978181922597903, "GB": 0.2517012758870632, "NN": 0.24979971150753025}, "6": {"Log": 0.24572443934175892, "RF": 0.25132900002668557, "GB": 0.2521310223127819, "NN": 0.2508155383187736}, "7": {"Log": 0.24711263346938586, "RF": 0.25076647655829565, "GB": 0.2509416083484273, "NN": 0.2511792816238911}}