{"2": {"Log": 0.24928078062018277, "RF": 0.25251154878036536, "GB": 0.24944359203700742, "NN": 0.24876407856244442}, "3": {"Log": 0.24932104432946584, "RF": 0.25571798723984335, "GB": 0.24662710796834889, "NN": 0.24833386046234202}, "4": {"Log": 0.23745688374208368, "RF": 0.2684872512160342, "GB": 0.253588606715744, "NN": 0.24046725832613808}, "5": {"Log": 0.23630441160322915, "RF": 0.26488645003087796, "GB": 0.2536995885172205, "NN": 0.24510954984867225}, "6": {"Log": 0.20606919691265307, "RF": 0.2702592743277762, "GB": 0.26412820787159325, "NN": 0.25954332088797744}, "7": {"Log": 0.24751912319113217, "RF": 0.24900519610503877, "GB": 0.24943242402353416, "NN": 0.2540432566802949}}