{"2": 0.040213077876372315, "3": 0.06930056465494658, "4": 0.10969078057829601, "5": 0.017024946811564662, "6": 2.972717309206868e-05, "7": 0.1516380751646576}