{"2": {"NN": 0.8568124308475497, "GBM": 0.14318756915245034}, "3": {"NN": 0.00014898733638285533, "GBM": 0.9998510126636171}, "4": {"NN": 0.016964400706693, "GBM": 0.983035599293307}, "5": {"NN": 7.291780717343262e-05, "GBM": 0.9999270821928266}, "6": {"NN": 0.000317477726040792, "GBM": 0.9996825222739593}, "7": {"NN": 1.0865803339879927e-05, "GBM": 0.9999891341966601}}