{"2": {"NN": 0.8958121978418955, "GBM": 0.10418780215810453}, "3": {"NN": 0.02097043826596015, "GBM": 0.9790295617340399}, "4": {"NN": 0.10951009791868949, "GBM": 0.8904899020813105}, "5": {"NN": 0.16259372550558157, "GBM": 0.8374062744944184}, "6": {"NN": 0.1422105179563474, "GBM": 0.8577894820436526}, "7": {"NN": 0.006381051557355013, "GBM": 0.993618948442645}}