{"2": {"NN": 0.2919944540975213, "GBM": 0.7080055459024788}, "3": {"NN": 0.11773556368729395, "GBM": 0.882264436312706}, "4": {"NN": 0.004333417952379293, "GBM": 0.9956665820476207}, "5": {"NN": 0.034000888784191975, "GBM": 0.9659991112158081}, "6": {"NN": 0.31190793333565037, "GBM": 0.6880920666643496}, "7": {"NN": 0.45878143963794904, "GBM": 0.541218560362051}}