{"2": {"NN": 0.49704302752930135, "GBM": 0.5029569724706986}, "3": {"NN": 0.16695198498412875, "GBM": 0.8330480150158712}, "4": {"NN": 0.25417549155162533, "GBM": 0.7458245084483747}, "5": {"NN": 0.31765709125812214, "GBM": 0.6823429087418779}, "6": {"NN": 0.3326125109155943, "GBM": 0.6673874890844057}, "7": {"NN": 6.634407737486181e-05, "GBM": 0.9999336559226252}}