{"2": {"NN": 0.86479902411873, "GBM": 0.13520097588127}, "3": {"NN": 3.6759489686671236e-06, "GBM": 0.9999963240510313}, "4": {"NN": 0.22287282095620514, "GBM": 0.7771271790437948}, "5": {"NN": 0.2549672484727376, "GBM": 0.7450327515272623}, "6": {"NN": 0.00016750455801580253, "GBM": 0.9998324954419842}, "7": {"NN": 0.06114756128612021, "GBM": 0.9388524387138798}}