{"2": {"NN": 0.9726324307752617, "GBM": 0.027367569224738264}, "3": {"NN": 0.9629178220889781, "GBM": 0.03708217791102186}, "4": {"NN": 0.5468549124379368, "GBM": 0.4531450875620632}, "5": {"NN": 0.042925348912107975, "GBM": 0.957074651087892}, "6": {"NN": 0.5211463253383231, "GBM": 0.47885367466167694}, "7": {"NN": 0.609011271573795, "GBM": 0.390988728426205}}