{"2": {"NN": 0.8595392161649156, "GBM": 0.14046078383508442}, "3": {"NN": 0.00024627807592988646, "GBM": 0.9997537219240701}, "4": {"NN": 0.6220720630606276, "GBM": 0.37792793693937243}, "5": {"NN": 0.9998993863365947, "GBM": 0.00010061366340530231}, "6": {"NN": 0.14703555904306204, "GBM": 0.8529644409569379}, "7": {"NN": 0.7829659542416394, "GBM": 0.2170340457583606}}