{"2": {"NN": 0.8137949610858334, "GBM": 0.18620503891416662}, "3": {"NN": 0.00014019794909759012, "GBM": 0.9998598020509024}, "4": {"NN": 0.12736263050157323, "GBM": 0.8726373694984267}, "5": {"NN": 0.2541153688095866, "GBM": 0.7458846311904135}, "6": {"NN": 3.551181001996582e-05, "GBM": 0.9999644881899801}, "7": {"NN": 3.961804640983398e-05, "GBM": 0.9999603819535902}}