{"2": {"NN": 0.8552425576196934, "GBM": 0.14475744238030663}, "3": {"NN": 3.098141897863447e-05, "GBM": 0.9999690185810214}, "4": {"NN": 0.08144670243367108, "GBM": 0.9185532975663289}, "5": {"NN": 0.06484464118131286, "GBM": 0.9351553588186872}, "6": {"NN": 2.1474109095585272e-05, "GBM": 0.9999785258909044}, "7": {"NN": 1.7846820560664953e-05, "GBM": 0.9999821531794393}}