{"2": {"NN": 0.07077784572477619, "GBM": 0.9292221542752238}, "3": {"NN": 0.18220580055968613, "GBM": 0.8177941994403138}, "4": {"NN": 0.038030897290239535, "GBM": 0.9619691027097604}, "5": {"NN": 0.04629847381093472, "GBM": 0.9537015261890652}, "6": {"NN": 0.18464267775566015, "GBM": 0.8153573222443399}, "7": {"NN": 0.5107731160511425, "GBM": 0.4892268839488575}}